titolo_film,anno_film,genere_cinematografico,forma_generale,numero_occhi,forma_testa,texture_superficiale,numero_arti,dimensione_rispetto_umano,colore_dominante,abbigliamento,volto_riconoscibile,tono_dominante,dettagli_secondari,prompt_ai,file
Balle Spaziali,1987,"Commedia, Fantascienza",umanoide,2,allungata,pelle,4,più piccolo,beige,sì,sì,comico,"cappello di paglia, occhi rossi, denti aguzzi, bastone, calzini bianchi","Alieno umanoide con 2 occhi, testa allungata, texture pelle, 4 arti, colore beige, dimensione più piccolo, abbigliamento sì, volto riconoscibile sì, tono comico.",spaceballs_a.jpg
Star Wars: Il ritorno dello Jedi,1983,Fantascienza,umanoide,2,allungata,pelle,sconosciuto,simile,rosa pallido,sì,sì,minaccioso,"occhi rossi, denti aguzzi, pelle pallida, tentacoli cranici, pelle rugosa, veste scura","alieno umanoide con 2 occhi, testa allungata, texture pelle, sconosciuto arti, colore rosa pallido, dimensione simile, abbigliamento sì, volto riconoscibile sì, tono minaccioso.",jedi-at-40-jabbas-court_article-feature_81e383a7.jpeg
Super 8,2011,"Fantascienza, Thriller",mostruoso,sconosciuto,indefinita,insettoide,più di 4,gigante,grigio-bianco,no,no,minaccioso,"esoscheletro corazzato, zampe da ragno, arti appuntiti, mandibole, denti aguzzi","alieno mostruoso con numero occhi sconosciuto, testa indefinita, texture insettoide, più di 4 arti, colore grigio-bianco, dimensione gigante, abbigliamento no, volto riconoscibile no, tono minaccioso.",underwater01.jpg
sconosciuto,sconosciuto,sconosciuto,umanoide,2,bulbosa,pelle,sconosciuto,simile,rosa-carnicino,sì,sì,minaccioso,"pelle rugosa, fronte corrugata, orecchie a punta, naso schiacciato, giacca scura","alieno umanoide con 2 occhi, testa bulbosa, texture pelle, dimensione simile a un umano, colore dominante rosa-carnicino, con abbigliamento, volto riconoscibile, tono minaccioso.",guardians-galaxy-2-brahl-actor.jpg
Star Wars: Episodio II - L'attacco dei cloni,2002,Fantascienza,umanoide,2,ovale,pelle,4,più grande,grigio pallido,sì,sì,neutro,"collo lungo, corpo esile, occhi neri grandi, pelle liscia, abito aderente","alieno umanoide con 2 occhi, testa ovale, texture pelle, 4 arti, colore grigio pallido, dimensione più grande, abbigliamento sì, volto riconoscibile sì, tono neutro.",5a39ae6109aa150001068e21-image_3be41089.jpeg
Alien vs. Predator,2004,Azione / Fantascienza / Horror,ibrido,0,allungata,insettoide,4,più grande,Nero,no,no,minaccioso,"esoscheletro biomeccanico, testa allungata, coda segmentata, artigli affilati, denti visibili","Alieno ibrido con 0 occhi, testa allungata, texture insettoide, 4 arti, colore dominante Nero, dimensione più grande rispetto a un umano, abbigliamento no, volto riconoscibile no, tono minaccioso.",Alien_vs_Predator.jpg
Men in Black,1997,"Fantascienza, Commedia, Azione",mostruoso,2,indefinita,insettoide,più di 4,gigante,marrone,no,sì,minaccioso,"esoscheletro, mandibole, occhi luminosi, antenne, denti aguzzi","alieno mostruoso con 2 occhi, testa indefinita, texture insettoide, più di 4 arti, colore marrone, dimensione gigante, abbigliamento no, volto riconoscibile sì, tono minaccioso.",images-3.jpeg
Cocoon - L'energia dell'universo,1985,"Fantascienza, Drammatico",umanoide,2,bulbosa,traslucido,sconosciuto,più piccolo,giallo,no,sì,empatico,"corpo luminoso, grandi occhi neri, pelle liscia, senza capelli, aura gialla","alieno umanoide con 2 occhi, testa bulbosa, texture traslucido, numero arti sconosciuto, colore dominante giallo, dimensione più piccolo, abbigliamento no, volto riconoscibile sì, tono empatico.",Cocoon-1985-di-Ron-Howard.jpg
Scontro tra titani,2010,"Azione, Fantasy",mostruoso,multipli,indefinita,organico,più di 4,gigante,blu-verdastro,no,sì,minaccioso,"occhi luminosi, denti affilati, bocca interna, pelle rugosa, tentacoli","Alieno mostruoso con multipli occhi, testa indefinita, texture organica, più di 4 arti, colore blu-verdastro, dimensione gigante, senza abbigliamento, volto riconoscibile, tono minaccioso.",underwater02.jpg
The Abyss,1989,Fantascienza,astratto,2,ovale,traslucido,sconosciuto,simile,blu,no,sì,empatico,"fatto d'acqua, traslucido, volto umano, bioluminescente, tentacolo liquido","Alieno astratto con 2 occhi, testa ovale, texture traslucido, numero arti sconosciuto, colore dominante blu, dimensione simile, abbigliamento no, volto riconoscibile sì, tono empatico.",the_abyss_1989_still.jpg.jpg
Giochi stellari,1984,Fantascienza,umanoide,2,ovale,pelle,sconosciuto,simile,marrone,sì,sì,neutro,"casco da pilota, pelle squamosa, tuta spaziale, collare pressurizzato","Alieno umanoide con 2 occhi, testa ovale, texture pelle, numero di arti sconosciuto, dimensione simile, colore marrone, con abbigliamento, volto riconoscibile e tono neutro.",the_last_starfighter-1024x768.jpg
Green Lantern,2011,"Azione, Fantascienza, Supereroi",ibrido,2,allungata,pelle,4,simile,giallo,sì,sì,neutro,"cresta sulla testa, becco da uccello, occhi grandi, pelle giallastra, uniforme verde, sporgenze ossee sulle guance","alieno ibrido con 2 occhi, testa allungata, texture pelle, 4 arti, colore giallo, dimensione simile, abbigliamento sì, volto riconoscibile sì, tono neutro.",35b348484a11d9f45fb477af6e106762ac9a0105495b09fb6320dcdc387e909d.jpg
sconosciuto,sconosciuto,sconosciuto,ibrido,multipli,indefinita,organico,più di 4,gigante,verde-marrone,no,sì,neutro,"tentacoli bioluminescenti, pinne anteriori, testa a martello, occhi multipli luminosi, pelle corazzata, subacqueo","alieno ibrido con multipli occhi, testa indefinita, texture organico, più di 4 arti, colore verde-marrone, dimensione gigante, abbigliamento no, volto riconoscibile sì, tono neutro.",1*fjsTCg4Cgz8w2KSJDTFixA.jpg
Home - A casa,2015,"animazione, commedia, avventura",ibrido,2,bulbosa,pelle,più di 4,più piccolo,viola,sì,sì,empatico,"sei gambe, orecchie arricciate, gilet blu, occhi grandi","alieno ibrido con 2 occhi, testa bulbosa, texture pelle, più di 4 arti, colore viola, dimensione più piccolo, abbigliamento sì, volto riconoscibile sì, tono empatico.",images.jpeg
Star Wars: Episodio I - La minaccia fantasma,1999,Fantascienza,umanoide,2,allungata,pelle,4,più grande,Beige,sì,sì,neutro,"Orecchie lunghe, occhi su peduncoli, pelle maculata, gilet di pelle, muso da anatra, lancia","Alieno umanoide con 2 occhi, testa allungata, texture pelle, 4 arti, colore beige, dimensione più grande, abbigliamento sì, volto riconoscibile sì, tono neutro.",tpm0.jpg
Mars Attacks!,1996,"Fantascienza, Commedia",umanoide,2,bulbosa,organico,4,più piccolo,verde,sì,sì,minaccioso,"cervello esposto, occhi sporgenti, casco trasparente, tuta spaziale verde, denti scoperti","alieno umanoide con 2 occhi, testa bulbosa, texture organico, 4 arti, colore dominante verde, dimensione più piccolo, abbigliamento sì, volto riconoscibile sì, tono minaccioso.",marsattacks_1280x720.jpg
La guerra di domani,2021,"Fantascienza, Azione",mostruoso,sconosciuto,allungata,organico,più di 4,più grande,bianco sporco,no,sì,minaccioso,"bocca spalancata, tentacoli dorsali, spine sul dorso, quattro zampe, pelle chiara","Alieno mostruoso con numero di occhi sconosciuto, testa allungata, texture organica, più di 4 arti, colore bianco sporco, dimensione più grande, abbigliamento no, volto riconoscibile sì, tono minaccioso.",White_Spike_main.jpg
Independence Day,1996,Fantascienza d'azione,umanoide,2,bulbosa,organico,4,più piccolo,grigio scuro,sì,sì,minaccioso,"occhi grandi e neri, pelle umida, testa bulbosa, riflessi lucidi","Alieno umanoide con 2 occhi, testa bulbosa, texture organica, 4 arti, colore grigio scuro, dimensione più piccolo, abbigliamento sì, volto riconoscibile sì, tono minaccioso.",images-2.jpeg
La Cosa,2011,"Horror, Fantascienza",mostruoso,2,indefinita,organico,sconosciuto,simile,marrone,no,sì,minaccioso,"occhi viola luminosi, denti aguzzi, pelle scorticata, ferite aperte, orecchie feline, baffi simili a tentacoli","Alieno mostruoso con 2 occhi, testa indefinita, texture organica, numero di arti sconosciuto, colore marrone, dimensione simile, abbigliamento no, volto riconoscibile sì, tono minaccioso.",MV5BOTBhYTY5YWMtNTRjOS00NmIyLWJhZGQtNmQ0ZGEyMTE0MDRiXkEyXkFqcGc@._V1_FMjpg_UX1000_.jpg
Scary Movie 3,2003,"Commedia, Parodia",umanoide,2,bulbosa,pelle,4,simile,Marrone/Grigio,no,sì,comico,"pelle rugosa, testa grande, occhi neri, denti aguzzi, corpo esile, effetto luminoso blu","alieno umanoide con 2 occhi, testa bulbosa, texture pelle, 4 arti, colore Marrone/Grigio, dimensione simile, abbigliamento no, volto riconoscibile sì, tono comico.",hqdefault.jpg
Signs,2002,"Fantascienza, Thriller",umanoide,2,allungata,pelle,4,più grande,marrone verdastro,no,sì,minaccioso,"collo lungo, corpo magro e muscoloso, dita lunghe, occhi grandi e scuri, pelle liscia","alieno umanoide con 2 occhi, testa allungata, texture pelle, 4 arti, colore marrone verdastro, dimensione più grande, abbigliamento no, volto riconoscibile sì, tono minaccioso.",MV5BZjQ3NGMwODItMGExNy00ZWE5LWFkMDctMzE3ZmJiOWU0MTZiXkEyXkFqcGc@._V1_.jpg
L'uomo che cadde sulla Terra,1976,"Fantascienza, Drammatico",umanoide,2,ovale,organico,4,simile,rosa pallido,sì,sì,drammatico,"tuta aderente, motivo a rete, tubi trasparenti, testa calva, zaino metallico, pelle pallida, dita lunghe","alieno umanoide con 2 occhi, testa ovale, texture organico, 4 arti, colore rosa pallido, dimensione simile, abbigliamento sì, volto riconoscibile sì, tono drammatico.",kxsf9xX.jpg
Annientamento,2018,"Fantascienza, horror",astratto,0,assente,organico,0,più grande,"verde, dorato",no,no,minaccioso,"struttura frattale, bioluminescenza, superficie cangiante, forma amorfa, nucleo luminoso","alieno astratto con 0 occhi, testa assente, texture organico, 0 arti, colore verde, dorato, dimensione più grande, abbigliamento no, volto riconoscibile no, tono minaccioso.",funky_cloud.jpg
Blair Witch,2016,Horror,mostruoso,2,allungata,organico,più di 4,più grande,grigio,no,sì,minaccioso,"denti affilati, zanne lunghe, arti da ragno, schiena spinosa, aspetto scheletrico","alieno mostruoso con 2 occhi, testa allungata, texture organico, più di 4 arti, colore grigio, dimensione più grande, abbigliamento no, volto riconoscibile sì, tono minaccioso.",screen_shot_2023-10-18_at_1.18.22_pm_0.jpg.jpg
Blob,1958,"Fantascienza, Horror",astratto,0,assente,organico,0,gigante,rosso,no,no,horror,"massa gelatinosa, amorfo, ingloba oggetti, superficie irregolare, colore rossastro","alieno astratto con 0 occhi, testa assente, texture organico, 0 arti, colore rosso, dimensione gigante, abbigliamento no, volto riconoscibile no, tono horror.",MV5BMTIwOTAyMDc1Ml5BMl5BanBnXkFtZTYwMDUzMTQ5._V1_.jpg
Alien - La clonazione,1997,fantascienza horror,ibrido,2,bulbosa,pelle,4,più grande,beige-verdastro,no,sì,horror,"pelle pallida, arti allungati, occhi scuri, corpo esile, postura accovacciata","Alieno ibrido con 2 occhi, testa bulbosa, texture pelle, 4 arti, colore beige-verdastro, dimensione più grande, abbigliamento no, volto riconoscibile sì, tono horror.",Dren4.jpg
sconosciuto,sconosciuto,Fantascienza,umanoide,2,bulbosa,pelle,4,sconosciuto,Verde,no,sì,minaccioso,"occhi grandi neri, testa calva, corpo magro, pelle screpolata, UFO luminoso","alieno umanoide con 2 occhi, testa bulbosa, texture pelle, 4 arti, colore Verde, dimensione sconosciuto, abbigliamento no, volto riconoscibile sì, tono minaccioso.",video_bc6319131662112.jpg
sconosciuto,sconosciuto,Fantascienza,umanoide,2,bulbosa,pelle,sconosciuto,sconosciuto,verde,no,sì,minaccioso,"occhi grandi neri, testa allungata, pelle liscia, bocca sottile, collo esile, illuminazione verde","alieno umanoide con 2 occhi, testa bulbosa, texture pelle, numero arti sconosciuto, dimensione rispetto umano sconosciuta, colore dominante verde, abbigliamento no, volto riconoscibile sì, tono minaccioso.",alieni-orig.jpg
sconosciuto,sconosciuto,fantascienza,umanoide,sconosciuto,bulbosa,sconosciuto,4,simile,blu,no,no,minaccioso,"silhouette, braccia lunghe e sottili, testa grande, forte controluce, atmosfera nebbiosa","Alieno umanoide con testa bulbosa, 4 arti, dimensione simile a un umano, colore dominante blu, senza abbigliamento, volto non riconoscibile, dal tono minaccioso.",Dark_skies.jpg
sconosciuto,sconosciuto,sconosciuto,umanoide,2,ovale,pelle,4,sconosciuto,nero,no,sì,minaccioso,"pelle nera, corpo magro, testa calva, foresta buia, spalle ossute","Alieno umanoide con 2 occhi, testa ovale, texture pelle, 4 arti, colore nero, dimensione sconosciuto, abbigliamento no, volto riconoscibile sì, tono minaccioso.",maxresdefault.jpg
District 9,2009,Fantascienza,umanoide,sconosciuto,indefinita,insettoide,sconosciuto,simile,grigio-bluastro,no,sì,drammatico,"esoscheletro, membrane traslucide, vene scure visibili, placche chitinose, aspetto umido","Alieno umanoide con numero di occhi sconosciuto, testa indefinita, texture insettoide, numero di arti sconosciuto, colore grigio-bluastro, dimensione simile a quella umana, senza abbigliamento, volto riconoscibile, tono drammatico.",5884886461153482.jpg
Alien,1979,"Fantascienza, Horror",ibrido,0,allungata,insettoide,4,più grande,Nero,no,no,minaccioso,"coda lunga e segmentata, testa allungata, esoscheletro biomeccanico, artigli affilati, colonna vertebrale esterna","Alieno ibrido con 0 occhi, testa allungata, texture insettoide, 4 arti, colore nero, dimensione più grande, abbigliamento no, volto riconoscibile no, tono minaccioso.",image01.jpg
They Live,1988,"Fantascienza, Horror, Azione",umanoide,2,ovale,organico,4,simile,"blu, rosso",sì,sì,minaccioso,"teschio a vista, muscolatura esposta, occhi sporgenti, abito elegante, capelli biondi, denti scoperti","Alieno umanoide con 2 occhi, testa ovale, texture organica, 4 arti, colore dominante blu, rosso, dimensione simile a un umano, con abbigliamento, volto riconoscibile e tono minaccioso.",they-live-md-web.jpg
District 9,2009,"Fantascienza, Azione",umanoide,multipli,allungata,insettoide,sconosciuto,simile,marrone scuro,sì,sì,minaccioso,"esoscheletro, occhi multipli a lente, luce rossa, componenti meccaniche, mandibole esterne","Alieno umanoide con occhi multipli, testa allungata, texture insettoide, di dimensione simile a un umano, colore dominante marrone scuro, dotato di abbigliamento, con volto riconoscibile e un tono minaccioso.",FE3B7509-444D-46F4-9265-4EF261A45972.jpg
E.T. l'extra-terrestre,1982,Fantascienza,umanoide,2,bulbosa,pelle,4,più piccolo,marrone,no,sì,empatico,"grandi occhi blu, collo lungo, pelle rugosa, dita lunghe, pianta in vaso, cielo stellato","alieno umanoide con 2 occhi, testa bulbosa, texture pelle, 4 arti, colore marrone, dimensione più piccolo, abbigliamento no, volto riconoscibile sì, tono empatico.",etposterRaisedRelief.webp.jpeg
sconosciuto,sconosciuto,sconosciuto,ibrido,sconosciuto,allungata,pelle,più di 4,più grande,beige,no,no,minaccioso,"ali membranose, testa a martello, due code prensili, denti aguzzi, pelle screziata, zampe artigliate","alieno ibrido con numero di occhi sconosciuto, testa allungata, texture pelle, più di 4 arti, colore beige, dimensione più grande, abbigliamento no, volto riconoscibile no, tono minaccioso.",Bioraptor-Pitch-Black.jpg
Avatar: La via dell'acqua,2022,"fantascienza, azione, avventura",umanoide,2,ovale,pelle,più di 4,più grande,blu,sì,sì,drammatico,"pelle blu a strisce, coda lunga, occhi gialli, orecchie a punta, capelli intrecciati","Alieno umanoide con 2 occhi, testa ovale, texture di pelle, più di 4 arti, colore dominante blu, dimensione più grande rispetto a un umano, con abbigliamento, volto riconoscibile e tono drammatico.",MV5BYTUyODRmYzktNTg2MS00MmEzLTlhNzgtZGMxMjVjYjgyOGI2XkEyXkFqcGc@._V1_.jpg
sconosciuto,sconosciuto,sconosciuto,umanoide,2,bulbosa,pelle,4,più piccolo,grigio-violaceo,no,sì,neutro,"occhi grandi neri, corpo esile, testa grande, pelle screziata, collo lungo, dita lunghe","alieno umanoide con 2 occhi, testa bulbosa, texture pelle, 4 arti, colore grigio-violaceo, dimensione più piccolo, abbigliamento no, volto riconoscibile sì, tono neutro.",spacealienscollection23dsmodel015.jpg
Mars Attacks!,sconosciuto,"Fantascienza, Commedia",umanoide,2,bulbosa,organico,4,sconosciuto,Rosso,sì,sì,comico,"cervello esposto, occhi rossi sporgenti, elmo di vetro, dischi volanti, veste rossa, tuta spaziale verde, pistola laser","alieno umanoide con 2 occhi, testa bulbosa, texture organico, 4 arti, colore dominante Rosso, dimensione sconosciuto, abbigliamento sì, volto riconoscibile sì, tono comico.",image02.jpg
Doctor Who,2005,Fantascienza,umanoide,2,bulbosa,pelle,sconosciuto,più piccolo,marrone,sì,sì,minaccioso,"pelle rugosa, pitture facciali rosse, fucile a doppia canna, occhi arancioni, narici larghe, espressione aggressiva","alieno umanoide con 2 occhi, testa bulbosa, texture pelle, numero arti sconosciuto, colore marrone, dimensione più piccolo, abbigliamento sì, volto riconoscibile sì, tono minaccioso.",r1btrp0gk4nez4snbo3r.jpg
Star Trek: Short Treks,2018,Fantascienza,umanoide,2,allungata,pelle,4,simile,rosso,sì,sì,drammatico,"pinne sulla testa, simboli energetici luminosi, pelle rossa, mani grandi, occhi scuri, collana","Alieno umanoide con 2 occhi, testa allungata, texture pelle, 4 arti, colore rosso, dimensione simile, abbigliamento sì, volto riconoscibile sì, tono drammatico.",Krugarr-0.jpg
Aliens vs. Predator: Requiem,2007,"Azione, fantascienza, horror",umanoide,2,bulbosa,metallo,4,più grande,grigio-blu,sì,sì,minaccioso,"maschera metallica, occhio rosso luminoso, lame da polso, dreadlocks tubolari, armatura, cannone a spalla","Alieno umanoide con 2 occhi, testa bulbosa, texture superficiale di metallo, 4 arti, colore dominante grigio-blu, dimensione più grande di un umano, indossa abbigliamento, ha un volto riconoscibile e un tono minaccioso.",Aliens vs Predator_Äì_Requiem.jpg
Plan 9 from Outer Space,1959,fantascienza,umanoide,2,ovale,pelle,4,simile,viola,sì,sì,minaccioso,"uniformi viola, colletti alti, dischi volanti, cimitero, raggi di luce","alieno umanoide con 2 occhi, testa ovale, texture pelle, 4 arti, colore dominante viola, dimensione simile a un umano, con abbigliamento, volto riconoscibile e tono minaccioso.",MV5BMTg1MDM5OTU0Nl5BMl5BanBnXkFtZTcwMjk5NzEzMQ@@._V1_.jpg
Paul,2011,"Commedia, Fantascienza",umanoide,2,bulbosa,pelle,4,più piccolo,grigio,sì,sì,comico,"occhi grandi, corpo esile, pantaloni corti, zaino, pelle liscia","alieno umanoide con 2 occhi, testa bulbosa, texture pelle, 4 arti, colore grigio, dimensione più piccolo, abbigliamento sì, volto riconoscibile sì, tono comico.",locandina.jpg
Fire in the Sky,1993,"Fantascienza, Horror, Biografico",umanoide,2,bulbosa,pelle,4,più piccolo,marrone,no,sì,horror,"pelle rugosa, occhi scuri, strumenti medici, luce arancione, espressione seria, senza capelli","alieno umanoide con 2 occhi, testa bulbosa, texture pelle, 4 arti, colore marrone, dimensione più piccolo, abbigliamento no, volto riconoscibile sì, tono horror.",img_3592-1.jpg
Alien,1979,"Fantascienza, Horror",mostruoso,0,allungata,insettoide,4,più grande,verde,no,sì,minaccioso,"testa allungata, esoscheletro visibile, denti, artigli, postura curva, pixel art","Alieno mostruoso con 0 occhi, testa allungata, texture insettoide, 4 arti, colore verde, dimensione più grande, abbigliamento no, volto riconoscibile sì, tono minaccioso.",screenshot_07.jpg
Dune,2021,fantascienza,umanoide,2,ovale,pelle,sconosciuto,simile,marrone,sì,sì,drammatico,"occhi blu brillanti, tubo nasale, capelli scuri, sciarpa beige, sfondo roccioso, sguardo intenso","alieno umanoide con 2 occhi, testa ovale, texture pelle, numero di arti sconosciuto, colore marrone, dimensione simile, con abbigliamento, volto riconoscibile, tono drammatico.",Zendaya-in-Dune.jpeg.jpg
Europa Report,2013,"Science fiction, Thriller",mostruoso,multipli,indefinita,organico,più di 4,gigante,blu,no,no,minaccioso,"tentacoli, bioluminescenza, luci blu, ambiente acquatico, occhio rosso","alieno mostruoso con multipli occhi, testa indefinita, texture organico, più di 4 arti, colore blu, dimensione gigante, abbigliamento no, volto riconoscibile no, tono minaccioso.",sddefault.jpg
Cocoon,1985,"Fantascienza, Drammatico",umanoide,2,allungata,traslucido,0,sconosciuto,giallo chiaro,no,sì,empatico,"corpo luminoso, occhi grandi, pupille rosse, bocca abbozzata, aura gialla, sfondo cosmico","alieno umanoide con 2 occhi, testa allungata, texture traslucido, 0 arti, colore giallo chiaro, dimensione sconosciuto, abbigliamento no, volto riconoscibile sì, tono empatico.",1634277065.748.w355.Ewms.jpg
Jupiter Ascending,2015,Fantascienza/Azione,ibrido,2,ovale,pelle,più di 4,più grande,Verde scuro,sì,sì,minaccioso,"ali da pipistrello, pelle squamosa, armatura tecnologica, arma futuristica, artigli sulle ali, muscolatura definita","Alieno ibrido con 2 occhi, testa ovale, texture di pelle, più di 4 arti, colore verde scuro, dimensione più grande di un umano, con abbigliamento, volto riconoscibile e tono minaccioso.",Greeghan.jpg
Men in Black,1997,"Fantascienza, Commedia",ibrido,sconosciuto,indefinita,insettoide,4,più piccolo,rosso,no,no,comico,"esoscheletro, antenne spinose, chele, corpo segmentato, colore rossastro","Alieno ibrido con numero di occhi sconosciuto, testa indefinita, texture insettoide, 4 arti, colore rosso, dimensione più piccolo, abbigliamento no, volto riconoscibile no, tono comico.",Screenshot 2025-11-19 alle 10.52.08.jpg
Predator,1987,"Azione, Fantascienza, Horror",umanoide,sconosciuto,bulbosa,artificiale,4,più grande,nero,sì,no,minaccioso,"elmo metallico, dreadlocks, cannone a spalla, lame da polso, armatura, rete corporea, puntatore laser rosso","Alieno umanoide con un numero di occhi sconosciuto, testa bulbosa, texture artificiale, 4 arti, colore nero, dimensione più grande di un umano, con abbigliamento, volto non riconoscibile e tono minaccioso.",$_57.JPG
Slave Girls from Beyond Infinity,1987,"Fantascienza, Azione",umanoide,2,allungata,organico,4,simile,verde scuro,sì,sì,minaccioso,"pelle scagliosa, vestaglia rossa, medaglione d'oro, frustino, creste sulla testa","alieno umanoide con 2 occhi, testa allungata, texture organico, 4 arti, colore verde scuro, dimensione simile, abbigliamento sì, volto riconoscibile sì, tono minaccioso.",tumblr_n0uqzads241rze0r3o1_500.JPG
Alien: Covenant,2017,"Fantascienza, Horror",umanoide,0,allungata,insettoide,4,più grande,nero,no,no,minaccioso,"testa allungata, denti affilati, corpo biomeccanico, tubi dorsali","alieno umanoide con 0 occhi, testa allungata, texture insettoide, 4 arti, colore nero, dimensione più grande, abbigliamento no, volto riconoscibile no, tono minaccioso.",Alien_Covenant.jpg
Minotaur,2006,Fantasy / Horror,ibrido,2,indefinita,organico,4,più grande,marrone-rossastro,no,sì,drammatico,"corna ricurve, pelo arruffato, pelle rossastra, muscolatura imponente, volto bestiale","alieno ibrido con 2 occhi, testa indefinita, texture organica, 4 arti, colore marrone-rossastro, dimensione più grande, abbigliamento no, volto riconoscibile sì, tono drammatico.",images-4.jpeg
Farscape,1999,Fantascienza,umanoide,2,ovale,pelle,4,simile,blu,sì,sì,empatico,"pelle blu, testa calva, collare di cristalli, unghie scure, anelli","alieno umanoide con 2 occhi, testa ovale, texture pelle, 4 arti, colore dominante blu, dimensione simile a un umano, con abbigliamento, volto riconoscibile e tono empatico.",Ey0imWnU4AAd91s.JPG
sconosciuto,sconosciuto,sconosciuto,umanoide,2,bulbosa,pelle,sconosciuto,sconosciuto,grigio,no,sì,minaccioso,"occhi grandi e neri, cranio allargato, pelle grigia, naso piccolo, bocca sottile, collo magro","Alieno umanoide con 2 occhi, testa bulbosa, texture di pelle, numero arti sconosciuto, colore dominante grigio, dimensione rispetto a un umano sconosciuta, senza abbigliamento, con volto riconoscibile e tono minaccioso.",mtqcds8c36631.jpg
Star Trek Beyond,2016,Fantascienza,umanoide,2,allungata,pelle,4,simile,blu e arancione,sì,sì,neutro,"pelle striata, collare tecnologico, linee blu luminose, occhi gialli","alieno umanoide con 2 occhi, testa allungata, texture pelle, 4 arti, colore blu e arancione, dimensione simile, abbigliamento sì, volto riconoscibile sì, tono neutro.",M_39_SG2_Kortan_Dahuks_rgb.jpg.jpg
sconosciuto,sconosciuto,sconosciuto,umanoide,2,allungata,insettoide,più di 4,sconosciuto,blu/viola,no,sì,minaccioso,"denti affilati, testa allungata, esoscheletro, tubi, gabbia toracica esterna","Alieno umanoide con 2 occhi, testa allungata, texture insettoide, più di 4 arti, colore dominante blu/viola, dimensione sconosciuta, abbigliamento no, volto riconoscibile sì, tono minaccioso.",2367847-a2600_xenophobe_none.JPG
Aliens,1986,"Fantascienza, Azione, Horror",ibrido,0,allungata,organico,più di 4,più grande,nero,no,no,minaccioso,"esoscheletro biomeccanico, testa allungata, denti affilati, bava, coda segmentata, tubi dorsali","alieno ibrido con 0 occhi, testa allungata, texture organico, più di 4 arti, colore nero, dimensione più grande, abbigliamento no, volto riconoscibile no, tono minaccioso.",p9384_v_h10_aa.jpg
Evolution,2001,"Fantascienza, Commedia",animale,2,bulbosa,pelle,4,più piccolo,verde,no,sì,empatico,"pelle rugosa, occhi azzurri, corpo tozzo, zampe corte, branchie laterali, muso schiacciato","alieno animale con 2 occhi, testa bulbosa, texture pelle, 4 arti, colore verde, dimensione più piccolo, abbigliamento no, volto riconoscibile sì, tono empatico.",09.jpg
La guerra dei mondi,2005,"Fantascienza, Thriller",mostruoso,1,bulbosa,artificiale,sconosciuto,gigante,grigio metallico,no,no,minaccioso,"tripode, gambe lunghe, occhio luminoso blu, corpo bulboso, superficie metallica","Alieno mostruoso con 1 occhio, testa bulbosa, texture artificiale, numero di arti sconosciuto, colore grigio metallico, dimensione gigante, abbigliamento no, volto riconoscibile no, tono minaccioso.",screenshot_08.jpg
Alien Extinction,sconosciuto,Fantascienza horror,umanoide,2,bulbosa,pelle,sconosciuto,sconosciuto,grigio,sì,sì,minaccioso,"pelle grinzosa, occhi bianchi, testa calva, giacca scura, naso assente, mirino","alieno umanoide con 2 occhi, testa bulbosa, texture pelle, numero arti sconosciuto, colore grigio, dimensione sconosciuto, abbigliamento sì, volto riconoscibile sì, tono minaccioso.",7a704a1d03a406889d2a83cf7cbd815a250eba9b6ae042603ad52ea1fe2986e0.jpg
Alien Extinction,sconosciuto,"Fantascienza, Horror",umanoide,2,bulbosa,pelle,sconosciuto,sconosciuto,grigio,sì,sì,minaccioso,"pelle rugosa, occhi bianchi, mirino, ponte sullo sfondo, giacca scura, bocca deforme","Alieno umanoide con 2 occhi, testa bulbosa, texture pelle, numero di arti sconosciuto, colore dominante grigio, dimensione sconosciuta rispetto all'umano, con abbigliamento, volto riconoscibile, tono minaccioso.",7a704a1d03a406889d2a83cf7cbd815a250eba9b6ae042603ad52ea1fe2986e0.png
Dune: Part Two,2024,Fantascienza epica,umanoide,2,ovale,pelle,4,simile,Grigio pallido,sì,sì,minaccioso,"pelle pallida, testa calva, senza sopracciglia, sguardo intenso, abito scuro","alieno umanoide con 2 occhi, testa ovale, texture pelle, 4 arti, colore grigio pallido, dimensione simile, abbigliamento sì, volto riconoscibile sì, tono minaccioso.",87jZEVp4FW6GwTx56mbbqIQQF75.jpg
Galaxy Quest,1999,"Commedia, Fantascienza",mostruoso,2,allungata,pelle,4,più grande,marrone,no,sì,minaccioso,"bocca enorme, denti affilati, spine sul dorso, pelle rugosa, zampe tozze","alieno mostruoso con 2 occhi, testa allungata, texture pelle, 4 arti, colore marrone, dimensione più grande, abbigliamento no, volto riconoscibile sì, tono minaccioso.",MV5BNjg2NTY5OTI2OF5BMl5BanBnXkFtZTYwMjUxMjk2._V1_.jpg
The Faculty,1998,Fantascienza-Horror,mostruoso,2,ovale,organico,4,simile,marrone,sì,sì,minaccioso,"denti aguzzi, filamenti dal volto, pioggia battente, pelle deformata","Alieno mostruoso con 2 occhi, testa ovale, texture organico, 4 arti, colore marrone, dimensione simile, abbigliamento sì, volto riconoscibile sì, tono minaccioso.",faculty.jpg
Incontri ravvicinati del terzo tipo,1977,Fantascienza,umanoide,sconosciuto,sconosciuto,sconosciuto,sconosciuto,sconosciuto,nero,sconosciuto,no,empatico,"sagoma, interno astronave, luci verdastri, ambiente buio, riflessi","alieno umanoide con sconosciuto occhi, testa sconosciuta, texture sconosciuta, sconosciuto arti, colore nero, dimensione sconosciuta, abbigliamento sconosciuto, volto riconoscibile no, tono empatico.",the_vast_night.jpg
Ultimatum alla Terra,1951,Fantascienza,umanoide,2,ovale,pelle,4,simile,grigio,sì,sì,drammatico,"tuta spaziale, colletto alto, robot metallico, disco volante","Alieno umanoide con 2 occhi, testa ovale, texture pelle, 4 arti, colore grigio, dimensione simile, abbigliamento sì, volto riconoscibile sì, tono drammatico.",MV5BMTM5MTE4OTU5NF5BMl5BanBnXkFtZTcwNDA0NzM4NA@@._V1_.jpg
Predators,2010,Fantascienza Azione Horror,umanoide,sconosciuto,allungata,organico,4,più grande,Grigio/Nero,sì,sì,minaccioso,"maschera metallica, dreadlocks, armatura, lame da polso, pelle screziata, occhi rossi luminosi, bestia aliena","Alieno umanoide con numero di occhi sconosciuto, testa allungata, texture organica, 4 arti, colore dominante Grigio/Nero, dimensione più grande di un umano, con abbigliamento, volto riconoscibile e tono minaccioso.",10219645_1_92.jpg
District 9,2009,Fantascienza,ibrido,multipli,allungata,insettoide,4,simile,marrone,sì,sì,minaccioso,"exoscheletro, antenne, reggiseno rosa, pala, mandibole","Alieno ibrido con multipli occhi, testa allungata, texture insettoide, 4 arti, colore marrone, dimensione simile, con abbigliamento, volto riconoscibile, tono minaccioso.",District-9-e1627217188858-1024x634.jpg
Incontri ravvicinati del terzo tipo,1977,fantascienza,umanoide,2,bulbosa,pelle,4,più piccolo,grigio-violaceo,no,sì,empatico,"occhi grandi e neri, corpo esile, testa sproporzionata, collo lungo, fili sul petto","Alieno umanoide con 2 occhi, testa bulbosa, texture pelle, 4 arti, colore grigio-violaceo, dimensione più piccolo, abbigliamento no, volto riconoscibile sì, tono empatico.",roswell300.JPG
sconosciuto,sconosciuto,sconosciuto,umanoide,2,bulbosa,pelle,4,più piccolo,blu-verde,no,sì,minaccioso,"grandi occhi neri, testa grande, corpo esile, dita lunghe, pelle liscia, sfondo scuro","alieno umanoide con 2 occhi, testa bulbosa, texture pelle, 4 arti, colore blu-verde, dimensione più piccolo, abbigliamento no, volto riconoscibile sì, tono minaccioso.",MV5BMTg1NTEyNjc4NV5BMl5BanBnXkFtZTYwMzk1NTc2._V1_FMjpg_UX1000_.JPG
Star Wars,1977,Fantascienza,umanoide,2,ovale,organico,4,più grande,marrone,sì,sì,empatico,"pelo lungo, bandoliera, denti visibili, postura bipede","alieno umanoide con 2 occhi, testa ovale, texture organico, 4 arti, colore marrone, dimensione più grande, abbigliamento sì, volto riconoscibile sì, tono empatico.",s-l1200.jpg
Incontri ravvicinati del terzo tipo,1977,Fantascienza,umanoide,2,bulbosa,pelle,4,più piccolo,Grigio,no,sì,empatico,"corpo esile, braccia lunghe, dita lunghe, pelle liscia, gruppo di alieni, luce intensa, sagome umane","alieno umanoide con 2 occhi, testa bulbosa, texture pelle, 4 arti, colore Grigio, dimensione più piccolo, abbigliamento no, volto riconoscibile sì, tono empatico.",3504.jpg
sconosciuto,sconosciuto,sconosciuto,umanoide,2,bulbosa,pelle,sconosciuto,sconosciuto,grigio,no,sì,minaccioso,"occhi grandi e neri, pelle rugosa, testa allungata, naso piccolo, bocca sottile, espressione neutra","alieno umanoide con 2 occhi, testa bulbosa, texture pelle, sconosciuto arti, colore grigio, dimensione sconosciuto, abbigliamento no, volto riconoscibile sì, tono minaccioso.",alieno-grigio-alieni.jpg
Alien TV,2020,"Animazione, Commedia, Per bambini",umanoide,2,bulbosa,pelle,4,sconosciuto,verde,sì,sì,comico,"antenne, occhi grandi, microfono, gilet da reporter, cuffie audio, tuta spaziale","alieno umanoide con 2 occhi, testa bulbosa, texture pelle, 4 arti, dimensione sconosciuto, colore dominante verde, abbigliamento sì, volto riconoscibile sì, tono comico.",MV5BYjllZWFmODMtY2JjMS00MmQwLTg0OWUtZTUwYWRmZjdkYjY4XkEyXkFqcGc@._V1_FMjpg_UX1000_.JPG
Alien,1979,"Fantascienza, Horror",umanoide,0,allungata,organico,4,più grande,Nero,no,no,minaccioso,"testa allungata, esoscheletro, denti visibili, tubi biomeccanici","alieno umanoide con 0 occhi, testa allungata, texture organica, 4 arti, colore Nero, dimensione più grande, abbigliamento no, volto riconoscibile no, tono minaccioso.",aiien35_584x800_ka_0a39ad0b.jpeg
Green Lantern,2011,"Azione, Fantascienza",umanoide,2,bulbosa,pelle,4,più grande,verde,sì,sì,neutro,"pelle rugosa, naso schiacciato, orecchie a punta, simbolo sul petto, corpo muscoloso","Alieno umanoide con 2 occhi, testa bulbosa, texture pelle, 4 arti, colore dominante verde, dimensione più grande rispetto all'umano, con abbigliamento, volto riconoscibile, tono neutro.",GL3.jpg
La Cosa,1982,"Horror, Fantascienza",mostruoso,sconosciuto,indefinita,organico,2,simile,rosa-carnicino,no,sì,horror,"carne esposta, denti aguzzi, fauci spalancate, pelle umida, occhio umano terrorizzato","alieno mostruoso con numero di occhi sconosciuto, testa indefinita, texture organica, 2 arti, colore rosa-carnicino, dimensione simile, nessun abbigliamento, volto riconoscibile, tono horror.",thing-678x381.jpg
Alien Resurrection,1997,Fantascienza horror,umanoide,2,allungata,pelle,4,più grande,Grigio-bianco,no,sì,horror,"pelle umida, testa allungata, orbite oculari vuote, muscolatura visibile, gengive esposte, cranio osseo","Alieno umanoide con 2 occhi, testa allungata, texture pelle, 4 arti, colore grigio-bianco, dimensione più grande, abbigliamento no, volto riconoscibile sì, tono horror.",Alien_Resurrection.jpg
Pacific Rim,2013,"Fantascienza, Azione",mostruoso,multipli,indefinita,insettoide,4,più grande,blu-grigiastro,no,sì,minaccioso,"occhi viola luminosi, cresta cefalica, arti massicci, tentacoli facciali, artigli affilati, ambiente sottomarino","Alieno mostruoso con multipli occhi, testa indefinita, texture insettoide, 4 arti, di colore blu-grigiastro, dimensione più grande di un umano, senza abbigliamento, volto riconoscibile, tono minaccioso.",skyline.jpeg.jpg
Guida galattica per autostoppisti,2005,"Fantascienza, Commedia, Avventura",umanoide,2,bulbosa,artificiale,4,più piccolo,bianco,no,sì,comico,"testa sferica, occhi verdi triangolari, corpo robotico, postura curva, arti corti","alieno umanoide con 2 occhi, testa bulbosa, texture artificiale, 4 arti, colore bianco, dimensione più piccolo, abbigliamento no, volto riconoscibile sì, tono comico.",hitchhikers_poster.jpg
Green Lantern,2011,"Azione, Fantascienza, Supereroi",umanoide,2,ovale,pelle,4,simile,rosso,sì,sì,minaccioso,"orecchie a punta, baffi, pelle rossa, divisa verde, fronte alta","alieno umanoide con 2 occhi, testa ovale, texture pelle, 4 arti, colore dominante rosso, dimensione simile, abbigliamento sì, volto riconoscibile sì, tono minaccioso.",green-lantern-corps-2011-movie.jpg
Alien Nation,1988,"Fantascienza, Azione",umanoide,2,bulbosa,pelle,sconosciuto,simile,carnagione chiara,sì,sì,drammatico,"testa calva, macchie scure sulla testa, espressione seria, vestito formale, orecchie non visibili","Alieno umanoide con 2 occhi, testa bulbosa, texture pelle, numero di arti sconosciuto, colore dominante carnagione chiara, dimensione simile a un umano, con abbigliamento, volto riconoscibile e tono drammatico.",MV5BMWI1YTA0YjUtZjU3NC00MjMyLTlmZjItYjg4ZTU5YzRmMGMyXkEyXkFqcGc@._V1_.jpg
Star Wars: Il ritorno dello Jedi,1983,Fantascienza,umanoide,2,bulbosa,pelle,4,simile,marrone-rossiccio,sì,sì,drammatico,"grandi occhi gialli, uniforme bianca, pelle umida, mani a pinna, bocca da pesce","Alieno umanoide con 2 occhi, testa bulbosa, texture pelle, 4 arti, colore marrone-rossiccio, dimensione simile, abbigliamento sì, volto riconoscibile sì, tono drammatico.",ackbar.jpeg.jpg
Invasion of the Body Snatchers,1956,"Science-Fiction, Horror",sconosciuto,sconosciuto,sconosciuto,sconosciuto,sconosciuto,sconosciuto,sconosciuto,sconosciuto,sconosciuto,minaccioso,"impronta di mano gigante, persone in fuga, sfondo rosso, espressioni terrorizzate","Alieno di forma generale sconosciuta con numero di occhi sconosciuto, testa di forma sconosciuta, texture superficiale sconosciuta, numero di arti sconosciuto, colore dominante sconosciuto, dimensione rispetto all'umano sconosciuta, abbigliamento sconosciuto, volto riconoscibile sconosciuto, dal tono minaccioso.",90.jpeg
sconosciuto,sconosciuto,sconosciuto,umanoide,2,bulbosa,pelle,sconosciuto,sconosciuto,grigio,no,sì,empatico,"occhi grandi, occhi neri, pelle liscia, sorriso leggero, mento appuntito, testa grande","alieno umanoide con 2 occhi, testa bulbosa, texture pelle, numero arti sconosciuto, dimensione sconosciuta, colore grigio, abbigliamento no, volto riconoscibile sì, tono empatico.",Alien_Emoji_Icon_2_grande.jpg
Star Wars: Episodio III - La vendetta dei Sith,2005,Fantascienza,umanoide,2,allungata,pelle,sconosciuto,più grande,grigio,sì,sì,minaccioso,"pelle grigia striata, occhi cerchiati di rosso, denti affilati, tunica porpora, senza capelli","Alieno umanoide con 2 occhi, testa allungata, texture pelle, numero arti sconosciuto, dimensione più grande, colore grigio, abbigliamento sì, volto riconoscibile sì, tono minaccioso.",MV5BMTQ4MzI1Njc0Ml5BMl5BanBnXkFtZTcwNTY1NjI4NA@@._V1_FMjpg_UX1000_.jpg
Ultimatum alla Terra,1951,Fantascienza,umanoide,sconosciuto,ovale,metallo,4,più grande,Argento,sì,no,minaccioso,"tuta metallica, visore orizzontale, superficie liscia, rampa di astronave, corpo senza cuciture, stivali spessi","Alieno umanoide con numero di occhi sconosciuto, testa ovale, texture di metallo, 4 arti, colore argento, dimensione più grande rispetto a un umano, con abbigliamento, volto riconoscibile no e tono minaccioso.",thedaytheearthstoodstill1951.72439.jpg
Alien,1979,"Fantascienza, Horror",umanoide,0,allungata,insettoide,più di 4,più grande,Nero/Marrone scuro,no,sì,minaccioso,"coda lunga segmentata, denti scoperti, esoscheletro biomeccanico, testa liscia, dita affusolate","Alieno umanoide con 0 occhi, testa allungata, texture insettoide, più di 4 arti, colore nero/marrone scuro, dimensione più grande rispetto a un umano, senza abbigliamento, volto riconoscibile, tono minaccioso.",EGS_AlienIsolation_CreativeAssembly_S5-1920x1080-1cf3b9a86adcefeebf903451b1b3fb49.JPG
sconosciuto,sconosciuto,sconosciuto,umanoide,2,bulbosa,pelle,4,più piccolo,verde,sì,sì,empatico,"antenne, occhi neri grandi, felpa blu con cappuccio, gesto della pace, sorriso","alieno umanoide con 2 occhi, testa bulbosa, texture pelle, 4 arti, colore verde, dimensione più piccolo, abbigliamento sì, volto riconoscibile sì, tono empatico.",alien-carino-che-indossa-una-giacca-con-cappuccio-cartoon-vector-icon-illustrazione-scienza-tecnolog.jpg
sconosciuto,sconosciuto,Fantascienza,umanoide,2,ovale,artificiale,4,simile,arancione,sì,no,minaccioso,"maschera bicolore, cappuccio arancione, occhiali rotondi, veste a strati, fasciature sugli avambracci","alieno umanoide con 2 occhi, testa ovale, texture artificiale, 4 arti, colore arancione, dimensione simile, abbigliamento sì, volto riconoscibile no, tono minaccioso.",Thor-Ragnarok-Behind-the-Scenes-Images-1-of-New-Aliens.jpg
Lilo & Stitch,2002,"Animazione, Fantascienza, Commedia",ibrido,2,bulbosa,organico,4,più piccolo,blu,no,sì,empatico,"grandi orecchie, naso largo, occhi neri, artigli","Alieno ibrido con 2 occhi, testa bulbosa, texture organico, 4 arti, colore blu, dimensione più piccolo, abbigliamento no, volto riconoscibile sì, tono empatico.",34b7ec5240d03ce0f7c245f5621f4dde.jpg
Avatar,2009,Fantascienza,umanoide,2,ovale,pelle,4,più grande,blu,sì,sì,drammatico,"pelle blu striata, occhi gialli, orecchie a punta, capelli neri intrecciati, collana tribale","Alieno umanoide con 2 occhi, testa ovale, texture pelle, 4 arti, colore blu, dimensione più grande, abbigliamento sì, volto riconoscibile sì, tono drammatico.",MV5BMTY2ODQ3NjMyMl5BMl5BanBnXkFtZTcwODg0MTUzNA@@._V1_.jpg
Coneheads,1993,"Commedia, Fantascienza",umanoide,2,allungata,pelle,4,simile,carne,sì,sì,comico,"testa a cono, giacca di jeans, cravatta, orecchini, cielo azzurro con nuvole","alieno umanoide con 2 occhi, testa allungata, texture pelle, 4 arti, colore carne, dimensione simile, abbigliamento sì, volto riconoscibile sì, tono comico.",p14921_p_v10_aa.jpg
Enemy Mine,1985,"Fantascienza, Drammatico",umanoide,2,bulbosa,pelle,4,simile,rossastro,sì,sì,drammatico,"testa a cupola, armatura imbottita, pelle con creste, terreno roccioso, posizione accovacciata","Alieno umanoide con 2 occhi, testa bulbosa, texture pelle, 4 arti, colore dominante rossastro, dimensione simile a un umano, con abbigliamento, volto riconoscibile, tono drammatico.",enemy-mine-louis-gossett-jr.jpg
Alien 3,1992,Fantascienza horror,ibrido,0,allungata,organico,sconosciuto,sconosciuto,verde,no,sì,minaccioso,"denti affilati, coda lunga, esoscheletro, testa allungata","Alieno ibrido minaccioso con 0 occhi, testa allungata, texture organica, colore dominante verde, senza abbigliamento e volto riconoscibile. Numero arti e dimensione rispetto all'umano sconosciuti.",Alien_3.jpg
V - Visitors,1983,Fantascienza,umanoide,2,ovale,organico,sconosciuto,simile,verde,sì,sì,minaccioso,"pelle umana strappata, occhi da rettile, squame verdi, uniforme rossa, piccole corna","alieno umanoide con 2 occhi, testa ovale, texture organico, numero di arti sconosciuto, colore dominante verde, dimensione simile, con abbigliamento, volto riconoscibile, tono minaccioso.",V_TV_Series-378636274-large.JPG
Species,1995,"Fantascienza, Horror",ibrido,2,ovale,organico,4,simile,verde,no,sì,minaccioso,"braccio scheletrico, punte sulla schiena, pelle traslucida, capelli biondi, occhi verdi","alieno ibrido con 2 occhi, testa ovale, texture organico, 4 arti, colore verde, dimensione simile, abbigliamento no, volto riconoscibile sì, tono minaccioso.","51NVWM578QL._AC_UF1000,1000_QL80_.jpg"
Arrival,2016,Fantascienza,astratto,0,assente,artificiale,0,gigante,Grigio scuro,no,no,minaccioso,"forma ovale, superficie opaca, monolite sospeso, paesaggio desertico","Alieno astratto con 0 occhi, testa assente, texture artificiale, 0 arti, colore Grigio scuro, dimensione gigante, abbigliamento no, volto riconoscibile no, tono minaccioso.",1709200912407_Poster.jpeg
Thor: Ragnarok,2017,"Azione, Fantascienza, Commedia",umanoide,2,ovale,pelle,4,più grande,grigio,sì,sì,minaccioso,"pelle squamosa, denti aguzzi, braccia spinose, abito iridescente, collana con maschera, artigli","alieno umanoide con 2 occhi, testa ovale, texture pelle, 4 arti, colore grigio, dimensione più grande, abbigliamento sì, volto riconoscibile sì, tono minaccioso.",927423523cbda3c20f3ad4121a69f8d6.jpg
Independence Day,1996,"Fantascienza, Azione",ibrido,sconosciuto,assente,organico,più di 4,più grande,"grigio scuro, viola",no,no,minaccioso,"corpo simile a una razza, texture a nido d'ape, appendici tentacolari, esoscheletro biomeccanico","Alieno ibrido con numero di occhi sconosciuto, testa assente, texture organica, più di 4 arti, colore grigio scuro e viola, dimensione più grande di un umano, senza abbigliamento, volto non riconoscibile, tono minaccioso.",Unknown.jpeg
Killer Klowns from Outer Space,1988,"Horror, Fantascienza, Commedia",umanoide,2,bulbosa,organico,4,simile,rosa,sì,sì,minaccioso,"costumi da clown, capelli colorati, naso rosso, sorriso grottesco, gorgiera, volti dipinti","alieno umanoide con 2 occhi, testa bulbosa, texture organico, 4 arti, colore dominante rosa, dimensione simile, con abbigliamento, volto riconoscibile e tono minaccioso.",46a0e82e-43ca-4996-9970-5ba5790a0f0c_1200x675.jpg
Prometheus,2012,"Fantascienza, Horror",umanoide,0,allungata,organico,4,più grande,blu-grigio scuro,no,no,minaccioso,"testa allungata a punta, denti aguzzi, bava viscosa, mascella interna, pelle umida","alieno umanoide con 0 occhi, testa allungata, texture organico, 4 arti, colore blu-grigio scuro, dimensione più grande, abbigliamento no, volto riconoscibile no, tono minaccioso.",Prometheus.jpg.jpg
2001: Odissea nello spazio,1968,fantascienza,astratto,0,assente,artificiale,0,più grande,nero,no,no,minaccioso,"monolite nero, silhouette, ominidi, controluce, forma rettangolare","Alieno astratto con 0 occhi, testa assente, texture artificiale, 0 arti, colore nero, dimensione più grande, abbigliamento no, volto riconoscibile no, tono minaccioso.",2001-space-odyssey-noir-poster-manev-670x274-1.jpg
La guerra dei mondi,2005,Fantascienza,mostruoso,multipli,bulbosa,metallo,sconosciuto,gigante,Nero,no,no,minaccioso,"tripode, gambe lunghe, struttura metallica, luci intense, fumo, cielo nebbioso","Alieno mostruoso con multipli occhi, testa bulbosa, texture metallo, numero arti sconosciuto, colore Nero, dimensione gigante, abbigliamento no, volto riconoscibile no, tono minaccioso.",maxresdefault-2.jpg
The Avengers,2012,"Fantascienza, Azione",umanoide,2,indefinita,ibrido,4,più grande,verde-grigiastro,sì,sì,minaccioso,"armatura biomeccanica, pelle coriacea, muscolatura evidente, aspetto rettiliano","alieno umanoide con 2 occhi, testa indefinita, texture ibrido, 4 arti, colore verde-grigiastro, dimensione più grande, abbigliamento sì, volto riconoscibile sì, tono minaccioso.",cowboys-aliens-menacing-distinguishable-villain-1717010194.jpg
sconosciuto,sconosciuto,sconosciuto,umanoide,2,ovale,organico,4,gigante,marrone,no,sì,drammatico,"scolpito nella roccia, corpo muscoloso, espressione seria, astronauti in primo piano, paesaggio roccioso","alieno umanoide con 2 occhi, testa ovale, texture organico, 4 arti, colore marrone, dimensione gigante, abbigliamento no, volto riconoscibile sì, tono drammatico.",hq720.jpg
Men in Black,1997,"fantascienza, commedia",animale,sconosciuto,allungata,insettoide,sconosciuto,gigante,nero,no,no,minaccioso,"corpo in fiamme, esoscheletro lucido, pelle umida, fumo, appendici boccali, antenne corte","Alieno animale gigante e minaccioso con testa allungata, texture insettoide, colore nero, senza abbigliamento, volto non riconoscibile, numero di occhi e arti sconosciuto.",HiddenCreature.jpg
sconosciuto,sconosciuto,sconosciuto,ibrido,0,bulbosa,traslucido,più di 4,sconosciuto,ciano,no,no,neutro,"struttura arborea, appendici ramificate, nucleo sferico, superficie traslucida, terreno desolato, forme più piccole alla base","Alieno ibrido con 0 occhi, testa bulbosa, texture traslucida, più di 4 arti, colore ciano, dimensione sconosciuto, abbigliamento no, volto riconoscibile no, tono neutro.",Solaris-Asymmetriade.jpg
